episode_index,consistency,best_lag,hf_noise,freeze_frac,lag_error,reason,flagged
0,-0.055014118708481816,10,0.19104194115967085,0.00625,10,actions don't match motion; time offset 10 steps,True
1,0.7724157212363074,-6,0.2720261716624682,0.05982905982905983,6,time offset -6 steps,True
2,0.306681926453551,4,24.52664292785758,0.0,4,actions don't match motion; time offset 4 steps; noisy actions,True
3,0.6343378940975419,-6,0.3701449677412654,0.006329113924050633,6,time offset -6 steps,True
4,0.9933415995004564,0,0.4377403383419484,0.006329113924050633,0,,False
5,0.305685389247026,4,18.771239143678354,0.0,4,actions don't match motion; time offset 4 steps; noisy actions,True
6,0.29603412879257496,-3,0.32573210321487533,0.0,3,actions don't match motion; time offset -3 steps,True
7,0.9941690337230326,0,0.44253651099547653,0.005952380952380952,0,,False
8,0.9935195773096374,0,0.4815022774853719,0.02531645569620253,0,,False
9,0.9963418358052339,0,0.45185237945698975,0.007518796992481203,0,,False
10,0.9915765170281928,0,0.42321295975646955,0.0053475935828877,0,,False
11,0.30670142216885043,10,0.29049881423353596,0.0,10,actions don't match motion; time offset 10 steps,True
12,0.9926700677509689,0,0.37668410660944207,0.007194244604316547,0,,False
13,0.9949951432540302,0,0.4340651948190097,0.0,0,,False
14,0.7136673542714457,-6,0.4445462681694596,0.05660377358490566,6,time offset -6 steps,True
15,0.5555462160836945,2,10.278432533428456,0.0,2,noisy actions,True
16,0.9924514299689573,0,0.5115455624273029,0.016,0,,False
17,0.9934062730805638,0,0.5338838043036686,0.009900990099009901,0,,False
18,0.9932856134105862,0,0.5423232863014731,0.011764705882352941,0,,False
19,0.9936716709268125,0,0.5382797489140716,0.0,0,,False
20,0.9930358290724522,0,0.39859011337950784,0.0070921985815602835,0,,False
21,0.9960911117343942,0,0.3866069446323435,0.0,0,,False
22,0.9942684931790188,0,0.42388991446750196,0.009259259259259259,0,,False
23,0.16099340753223335,6,0.15910661509462995,0.27522935779816515,6,actions don't match motion; time offset 6 steps; frozen actions,True
24,0.9939502483981455,0,0.46343634856597254,0.0,0,,False
25,0.9948926061620996,0,0.37722385964075117,0.007575757575757576,0,,False
26,0.6577455627246419,-6,0.5194862824811475,0.01910828025477707,6,time offset -6 steps,True
27,0.9927616114132171,0,0.4885907033773258,0.009009009009009009,0,,False
28,0.9944503676223165,0,0.39870463626984864,0.009433962264150943,0,,False
29,0.9968420352961842,0,0.4385661241107994,0.0,0,,False
30,0.17013201880546483,4,0.21740522804878235,0.21686746987951808,4,actions don't match motion; time offset 4 steps; frozen actions,True
31,0.994506281135479,0,0.5423639587411784,0.0,0,,False
32,0.9950467774984537,0,0.3900029486529981,0.006802721088435374,0,,False
33,0.9966557043404839,0,0.3516806016626765,0.008403361344537815,0,,False
34,0.9909598661378112,0,0.5403457107807003,0.0070921985815602835,0,,False
35,0.9950903709118006,0,0.4688047796960669,0.007042253521126761,0,,False
36,0.9943670579757813,0,0.3625593676969747,0.0070921985815602835,0,,False
37,0.9957008919500999,0,0.5329731938240612,0.016666666666666666,0,,False
38,0.993464492034758,0,0.6317383193134871,0.010810810810810811,0,,False
39,0.143504950577981,7,0.32030373584976496,0.35714285714285715,7,actions don't match motion; time offset 7 steps; frozen actions,True
40,0.9939166422549547,0,0.32133667004126376,0.007246376811594203,0,,False
41,0.9944878459532233,0,0.4688060740300718,0.013888888888888888,0,,False
42,0.9945243123486157,0,0.4720889781937672,0.007407407407407408,0,,False
43,0.9952577459309664,0,0.391845133305113,0.008547008547008548,0,,False
44,0.9933420235188315,0,0.48359175989990427,0.0,0,,False
45,0.13726414844142232,10,0.17824093528903576,0.152317880794702,10,actions don't match motion; time offset 10 steps,True
46,0.9946655942626198,0,0.5558425488933283,0.024390243902439025,0,,False
47,0.9940408845179717,0,0.620256269018024,0.009259259259259259,0,,False
48,0.9943166527585635,0,0.4045630240708275,0.0,0,,False
49,0.3072411509971895,4,0.32389920777504927,0.24390243902439024,4,actions don't match motion; time offset 4 steps; frozen actions,True
50,0.992626808859686,0,0.6983033317418808,0.029411764705882353,0,,False
51,0.9963048568614156,0,0.38776708781545305,0.013888888888888888,0,,False
52,0.9935964880968581,0,0.49718617065032916,0.014814814814814815,0,,False
53,0.9946799488767424,0,0.4593987642166819,0.005813953488372093,0,,False
54,0.047349501928986626,-4,0.13805875503671253,0.004901960784313725,4,actions don't match motion; time offset -4 steps,True
55,0.994992663829487,0,0.4362691691120078,0.0,0,,False
56,0.9899415783992142,0,0.6188427696920121,0.009615384615384616,0,,False
57,0.9960997073009634,0,0.5815394487352407,0.0,0,,False
58,0.9937569843251056,0,0.6114251969089873,0.017094017094017096,0,,False
59,0.9956130325799016,0,0.44061784288630507,0.008264462809917356,0,,False
60,0.9931833804884823,0,0.47555593432085225,0.01694915254237288,0,,False
61,0.9935670856890639,0,0.40566129221017505,0.006711409395973154,0,,False
62,0.9934925225381316,0,0.4471162315195364,0.030303030303030304,0,,False
63,0.9965852438003304,0,0.413061491772743,0.007194244604316547,0,,False
64,0.995666855585483,0,0.33761435073503987,0.00980392156862745,0,,False
65,0.9960369589466979,0,0.3440122380514342,0.006060606060606061,0,,False
66,0.21715580559839814,4,0.25412656158558955,0.2878787878787879,4,actions don't match motion; time offset 4 steps; frozen actions,True
67,0.9969345044455271,0,0.4298690776334818,0.009708737864077669,0,,False
68,0.9949183677091384,0,0.3673613820511659,0.011235955056179775,0,,False
69,0.9954368718496129,0,0.3532023414555268,0.013422818791946308,0,,False
70,0.9928024056367241,0,0.3922322981418608,0.005405405405405406,0,,False
71,0.9945029709032813,0,0.4266246859535387,0.015037593984962405,0,,False
72,0.9962612971915384,0,0.3903496907377547,0.006802721088435374,0,,False
73,0.9950037647902971,0,0.42294875212464833,0.009009009009009009,0,,False
74,-0.11154854600713554,10,0.16167979855400025,0.24786324786324787,10,actions don't match motion; time offset 10 steps; frozen actions,True
75,0.7062321673231977,-6,0.35229022998396875,0.010309278350515464,6,time offset -6 steps,True
76,0.33084941927985423,9,15.880317904786303,0.0,9,actions don't match motion; time offset 9 steps; noisy actions,True
77,0.2536560627290301,9,0.6498941025600015,0.0,9,actions don't match motion; time offset 9 steps,True
78,0.9934292495633872,0,0.5075795779393938,0.0,0,,False
79,-0.04583930073199813,10,0.8714639510807671,0.0,10,actions don't match motion; time offset 10 steps,True
80,0.9927399867673478,0,0.4981502470555694,0.008620689655172414,0,,False
81,0.993604699952147,0,0.5003085326239433,0.0,0,,False
82,0.9910144413333424,0,0.508221044048195,0.010752688172043012,0,,False
83,0.9959803997352131,0,0.40545744183125254,0.0,0,,False
84,0.9923351282145507,0,0.37269947292521644,0.0,0,,False
85,0.9932126056656692,0,0.5916589017450327,0.00909090909090909,0,,False
86,0.9953147202950365,0,0.4641701413091246,0.009708737864077669,0,,False
87,0.995097376106138,0,0.6249959067025332,0.008771929824561403,0,,False
88,0.5899492265105083,2,10.26447084379797,0.0,2,noisy actions,True
89,0.9948721550022913,0,0.5100201970064552,0.014598540145985401,0,,False
90,0.3125314936277781,7,0.2151475354300355,0.10185185185185185,7,actions don't match motion; time offset 7 steps,True
91,0.5336232446189849,2,16.52096192921291,0.0,2,noisy actions,True
92,0.4659739236847559,4,0.2653884033585731,0.12987012987012986,4,actions don't match motion; time offset 4 steps,True
93,0.9860331239624412,0,0.546928548521535,0.015873015873015872,0,,False
94,0.4504063779548991,1,20.260345672195434,0.0,1,actions don't match motion; noisy actions,True
95,0.1880235397163949,8,0.20311489714955486,0.2830188679245283,8,actions don't match motion; time offset 8 steps; frozen actions,True
96,0.9944375178239635,0,0.3950328707491605,0.005291005291005291,0,,False
97,0.5845392045620139,-6,0.3411267250296422,0.0,6,time offset -6 steps,True
98,0.9917299495861672,0,0.5349096256550157,0.0,0,,False
99,0.9948368177663579,0,0.545691814372989,0.012345679012345678,0,,False
100,0.7201069374659317,-6,0.369507599631065,0.008620689655172414,6,time offset -6 steps,True
101,0.6339967569989757,2,0.35193581358585246,0.18681318681318682,2,,False
102,0.9945923560369777,0,0.4208005547819775,0.017699115044247787,0,,False
103,0.9954560956293178,0,0.38286273225416556,0.007142857142857143,0,,False
104,0.992471767169096,0,0.5195559486212051,0.007352941176470588,0,,False
105,0.9928329202320287,0,0.34256034913061456,0.0,0,,False
106,0.9957139832233469,0,0.4002222997829238,0.008,0,,False
107,0.9924606947745361,0,0.42959179678705894,0.0,0,,False
108,0.994423038461186,0,0.35657008692385295,0.0,0,,False
109,0.9945856536360255,0,0.36808592648452326,0.006944444444444444,0,,False
110,0.9945799975832219,0,0.4392185829209923,0.007692307692307693,0,,False
111,0.9940721680696121,0,0.6406543682182914,0.010309278350515464,0,,False
112,0.6778205944389862,-6,0.3888902080126437,0.04285714285714286,6,time offset -6 steps,True
113,0.9929947095985707,0,0.4910461762849388,0.0,0,,False
114,0.9956281470073759,0,0.4429802230310657,0.012195121951219513,0,,False
115,0.9938906013646708,0,0.5649299904731204,0.010416666666666666,0,,False
116,0.6049988155499701,2,12.071820357223906,0.0,2,noisy actions,True
117,0.994601198073412,0,0.4945587637220164,0.008695652173913044,0,,False
118,0.9938485335770877,0,0.44023208958642385,0.009900990099009901,0,,False
119,0.5339303165155515,3,11.234649595293938,0.0,3,time offset 3 steps; noisy actions,True
120,0.9924696275097727,0,0.4369228812878311,0.0,0,,False
121,0.9946652838338101,0,0.41774445894073414,0.007352941176470588,0,,False
122,0.9948230488572124,0,0.3837823596451655,0.00847457627118644,0,,False
123,0.08278399485940936,9,3.434384015695934e-06,0.0,9,actions don't match motion; time offset 9 steps,True
124,0.13655298483008443,7,0.21494695608202566,0.17687074829931973,7,actions don't match motion; time offset 7 steps,True
125,0.1460236451485148,5,0.15510191238979823,0.15822784810126583,5,actions don't match motion; time offset 5 steps,True
126,0.14733692358484674,10,0.12416530766789814,0.0,10,actions don't match motion; time offset 10 steps,True
127,0.6807852772512857,-6,0.3270937376090762,0.04285714285714286,6,time offset -6 steps,True
128,0.994838757911794,0,0.4628195986198686,0.0,0,,False
129,0.9953225114918987,0,0.3896231050246908,0.0064516129032258064,0,,False
130,0.9959679710813619,0,0.3614983501836976,0.006622516556291391,0,,False
131,0.9957635310457595,0,0.44117866597540345,0.005494505494505495,0,,False
132,0.5748967801436112,2,11.058754850837277,0.0,2,noisy actions,True
133,0.9958412598454851,0,0.5258253050326908,0.007692307692307693,0,,False
134,0.9965524601621538,0,0.4779265023305098,0.0,0,,False
135,0.10969642894014799,-6,0.37985106027736454,0.0196078431372549,6,actions don't match motion; time offset -6 steps,True
136,0.9961831803807765,0,0.44203360201759906,0.0,0,,False
137,0.9962380911510971,0,0.37079733014645355,0.0,0,,False
138,0.14917828915937278,-8,0.34800116597128306,0.010810810810810811,8,actions don't match motion; time offset -8 steps,True
139,0.9950725781601928,0,0.40532084384253586,0.009615384615384616,0,,False
140,0.9939333641055279,0,0.4555288509443052,0.009009009009009009,0,,False
141,0.21749995225689323,4,0.16989251758062113,0.1891891891891892,4,actions don't match motion; time offset 4 steps,True
142,0.08155254251991709,0,0.10122187226164148,0.08264462809917356,0,actions don't match motion,True
143,0.9954729869374902,0,0.3860179748913884,0.006896551724137931,0,,False
144,0.9937581130387496,0,0.4450574314233585,0.0,0,,False
145,0.41830089547436183,4,10.371310238595802,0.0,4,actions don't match motion; time offset 4 steps; noisy actions,True
146,0.9946611688664546,0,0.4167676884256877,0.0,0,,False
147,0.9958948420314477,0,0.3752988358960638,0.006211180124223602,0,,False
148,0.10890038732530624,7,0.539427529253167,0.0,7,actions don't match motion; time offset 7 steps,True
149,0.9959475756203089,0,0.359956146919749,0.007352941176470588,0,,False
150,0.9961806473175551,0,0.40522687425842474,0.0,0,,False
151,0.9957951491685674,0,0.360788946644185,0.006622516556291391,0,,False
152,0.9959039947829713,0,0.3304511068565279,0.0,0,,False
153,-0.0791228993605361,10,0.6123811156222408,0.0,10,actions don't match motion; time offset 10 steps,True
154,0.44676818295236914,3,10.120373225362254,0.0,3,actions don't match motion; time offset 3 steps; noisy actions,True
155,0.9948163126838304,0,0.35456108433807426,0.010752688172043012,0,,False
156,0.9951492490907741,0,0.5598979541626702,0.0,0,,False
157,0.9960980560976683,0,0.3416889719400449,0.0,0,,False
158,0.9964637015905907,0,0.39749788459908914,0.009615384615384616,0,,False
159,0.9910736308663531,0,0.4009607225353721,0.0,0,,False
160,0.4996596063558739,2,11.986672708157252,0.0,2,actions don't match motion; noisy actions,True
161,0.9916555130563648,0,0.3957249077052797,0.007352941176470588,0,,False
162,0.9947787105201765,0,0.38970076843184437,0.0,0,,False
163,0.9953321573678469,0,0.4914931109440319,0.0,0,,False
164,0.7313197063927482,-6,0.3199713852007074,0.032,6,time offset -6 steps,True
165,0.9962257955589037,0,0.4020678854542163,0.005208333333333333,0,,False
166,0.9946375095711567,0,0.3633067979578431,0.0,0,,False
167,0.9947170062775381,0,0.4639090967413252,0.0,0,,False
168,0.9946232758689413,0,0.39350892233783474,0.023809523809523808,0,,False
169,0.9957716529420567,0,0.28945022330779296,0.0,0,,False
170,0.9929419988857899,0,0.430532524365419,0.007751937984496124,0,,False
171,0.9959316456802537,0,0.4088866478976738,0.0,0,,False
172,0.6760382549139125,-6,0.3872908840235023,0.06493506493506493,6,time offset -6 steps,True
173,0.9951812660067729,0,0.3347319494079926,0.0,0,,False
174,0.995405891440462,0,0.37342741098225957,0.0,0,,False
175,0.9952598077754888,0,0.40039036180302184,0.006896551724137931,0,,False
176,0.9934250356103037,0,0.5460125735767973,0.0,0,,False
177,0.44469981505413064,5,13.803766054415973,0.0,5,actions don't match motion; time offset 5 steps; noisy actions,True
178,0.9948444788503239,0,0.3418472833999218,0.0,0,,False
179,0.9957627310411151,0,0.3200153036541924,0.012987012987012988,0,,False
180,0.9963180284224772,0,0.4031659726710072,0.005917159763313609,0,,False
181,0.9935255400545799,0,0.4259318865899195,0.0,0,,False
182,-0.06090581490884413,3,1.8137514444617324,0.01818181818181818,3,actions don't match motion; time offset 3 steps; noisy actions,True
183,0.994812223814144,0,0.4940737149765179,0.0,0,,False
184,0.9952156873612138,0,0.4502362263148783,0.008771929824561403,0,,False
185,0.7089485988851651,-6,0.3997354554122497,0.1111111111111111,6,time offset -6 steps,True
186,0.9935704573226676,0,0.4780366846434225,0.02197802197802198,0,,False
187,0.9959304862319142,0,0.34433037245594833,0.006944444444444444,0,,False
188,0.45983964382224624,5,12.554166182110457,0.0,5,actions don't match motion; time offset 5 steps; noisy actions,True
189,0.9959793527254422,0,0.3601956068568764,0.0,0,,False
190,0.10495368233714993,7,0.13024438256505422,0.1921182266009852,7,actions don't match motion; time offset 7 steps,True
191,0.9947981627887591,0,0.42671360487134635,0.006329113924050633,0,,False
192,0.6937021508592092,-6,0.41879348678368833,0.005434782608695652,6,time offset -6 steps,True
193,0.9941869473849163,0,0.3409757371228285,0.008064516129032258,0,,False
194,0.6805947473027084,-6,0.4009559311591195,0.02127659574468085,6,time offset -6 steps,True
195,0.008950004783850576,10,0.30696023241143927,0.0,10,actions don't match motion; time offset 10 steps,True
196,0.7600173595655602,-6,0.39122660545969673,0.04807692307692308,6,time offset -6 steps,True
197,0.4582400167069313,4,13.367772268092615,0.0,4,actions don't match motion; time offset 4 steps; noisy actions,True
198,0.9949096331018469,0,0.4651123057960486,0.008064516129032258,0,,False
199,0.9951098571177549,0,0.4005384310674183,0.0,0,,False
200,0.9961362772559036,0,0.38946148534741726,0.0,0,,False
201,0.9915130484145481,0,0.3805543075060304,0.01098901098901099,0,,False
202,0.9960332588761134,0,0.3626456885761707,0.0,0,,False
203,0.2616177889998742,4,0.1456819476848883,0.3087248322147651,4,actions don't match motion; time offset 4 steps; frozen actions,True
204,0.9963020865375024,0,0.38427494271325563,0.0,0,,False
205,0.994977198225183,0,0.43890395425140205,0.0,0,,False
